<?xml version="1.0" encoding="utf-8" ?>
<Defs>


  <ThingDef ParentName="LeatherBase">
    <defName>LotRB_Leather_Mumakil</defName>
    <label>Mumakil leather</label>
    <description>Tanned, dried, scraped mumakil skin. While quite tough, it is a poor insulator.</description>
    <graphicData>
      <color>(140,126,119)</color>
      <colorTwo>(140,126,119)</colorTwo>
    </graphicData>
    <statBases>
      <MarketValue>3.0</MarketValue>
      <StuffPower_Armor_Sharp>1.14</StuffPower_Armor_Sharp>
      <StuffPower_Insulation_Cold>14</StuffPower_Insulation_Cold>
      <StuffPower_Insulation_Heat>12</StuffPower_Insulation_Heat>
    </statBases>
    <stuffProps>
      <color>(140,126,119)</color>
      <commonality>0.0025</commonality>
    </stuffProps>
  </ThingDef>

	  <ThingDef ParentName="AnimalThingBase">
    <defName>LotRB_MumakilRace</defName>
    <label>mumakil</label>
    <description>I have no clue what to set as a description so cheese :)</description>
    <statBases>
      <MoveSpeed>3.6</MoveSpeed>
      <ComfyTemperatureMin>-15</ComfyTemperatureMin>
      <MarketValue>1100</MarketValue>
    </statBases>
    <tools>
      <li>
        <label>tusk</label>
        <capacities>
          <li>Scratch</li>
          <li>Stab</li>
        </capacities>
        <power>23</power>
        <cooldownTime>2.4</cooldownTime>
        <linkedBodyPartsGroup>TuskAttackTool</linkedBodyPartsGroup>
      </li>
      <li>
        <label>left foot</label>
        <capacities>
          <li>Blunt</li>
        </capacities>
        <power>14</power>
        <cooldownTime>1.65</cooldownTime>
        <linkedBodyPartsGroup>FrontLeftLeg</linkedBodyPartsGroup>
      </li>
      <li>
        <label>right foot</label>
        <capacities>
          <li>Blunt</li>
        </capacities>
        <power>14</power>
        <cooldownTime>1.65</cooldownTime>
        <linkedBodyPartsGroup>FrontRightLeg</linkedBodyPartsGroup>
      </li>
      <li>
        <label>head</label>
        <capacities>
          <li>Blunt</li>
        </capacities>
        <power>12</power>
        <cooldownTime>1.65</cooldownTime>
        <linkedBodyPartsGroup>HeadAttackTool</linkedBodyPartsGroup>
        <chanceFactor>0.2</chanceFactor>
      </li>
    </tools>
    <race>
      <herdAnimal>true</herdAnimal>
      <body>Mumakil</body>
      <baseHungerRate>2.0</baseHungerRate>
      <baseBodySize>6.0</baseBodySize>
      <baseHealthScale>3.6</baseHealthScale>
      <foodType>VegetarianRoughAnimal</foodType>
	  <leatherDef>LotRB_Leather_Mumakil</leatherDef>
      <gestationPeriodDays>60</gestationPeriodDays>
      <wildness>0.75</wildness>
      <nuzzleMtbHours>120</nuzzleMtbHours>
      <manhunterOnTameFailChance>0.018</manhunterOnTameFailChance>
      <trainability>Advanced</trainability>
      <lifeExpectancy>50</lifeExpectancy>
      <packAnimal>false</packAnimal>
      <lifeStageAges>
        <li>
          <def>AnimalBaby</def>
          <minAge>0</minAge>
        </li>
        <li>
          <def>AnimalJuvenile</def>
          <minAge>0.8</minAge>
        </li>
        <li>
          <def>AnimalAdult</def>
          <minAge>2.0</minAge>
          <soundWounded>Pawn_Elephant_Injured</soundWounded>
          <soundDeath>Pawn_Elephant_Dead</soundDeath>
          <soundCall>Pawn_Elephant_Call</soundCall>
          <soundAngry>Pawn_Elephant_Angry</soundAngry>
        </li>
      </lifeStageAges>
      <soundMeleeHitPawn>Pawn_Melee_BigBash_HitPawn</soundMeleeHitPawn>
      <soundMeleeHitBuilding>Pawn_Melee_BigBash_HitBuilding</soundMeleeHitBuilding>
      <soundMeleeMiss>Pawn_Melee_BigBash_Miss</soundMeleeMiss>
    </race>
    <tradeTags>
      <li>AnimalFighter</li>
    </tradeTags>
	<comps>
      <li Class="CompLumbering.CompProperties_Lumbering">
		<sound>stomp</sound>
        <secondsPerStep>1.15</secondsPerStep>
        <secondsBetweenSteps>0.5</secondsBetweenSteps>
      </li>
	</comps>
  </ThingDef>

 <PawnKindDef ParentName="AnimalKindBase">
    <defName>LotRB_Mumakil</defName>
    <label>mumakil</label>
    <race>LotRB_MumakilRace</race>
    <combatPower>200</combatPower>

    <ecoSystemWeight>0.000001</ecoSystemWeight>
    <wildGroupSize>
      <min>3</min>
      <max>7</max>
    </wildGroupSize>
    <lifeStages>
      <li>
        <label>mumakil calf</label>
        <bodyGraphicData>
          <texPath>Things/Pawn/Animal/Mumakil/sheidulaMumakil</texPath>
          <drawSize>1.8</drawSize>
          <shadowData>
            <volume>(0.4, 0.3, 0.3)</volume>
            <offset>(0,0,-0.2)</offset>
          </shadowData>
        </bodyGraphicData>
        <dessicatedBodyGraphicData>
          <texPath>Things/Pawn/Animal/Muffalo/MuffaloDessicated</texPath>
          <drawSize>1.8</drawSize>
        </dessicatedBodyGraphicData>
      </li>
      <li>
        <bodyGraphicData>
          <texPath>Things/Pawn/Animal/Mumakil/sheidluaMumakil</texPath>
          <drawSize>3.8</drawSize>
          <shadowData>
            <volume>(0.6, 0.45, 0.45)</volume>
            <offset>(0,0,-0.25)</offset>
          </shadowData>
        </bodyGraphicData>
        <dessicatedBodyGraphicData>
          <texPath>Things/Pawn/Animal/Muffalo/MuffaloDessicated</texPath>
          <drawSize>2.6</drawSize>
        </dessicatedBodyGraphicData>
      </li>
      <li>
        <bodyGraphicData>
          <texPath>Things/Pawn/Animal/Mumakil/sheidulaMumakil</texPath>
          <drawSize>7.6</drawSize>
          <shadowData>
            <volume>(0.8, 0.6, 0.6)</volume>
            <offset>(0,0,-0.3)</offset>
          </shadowData>
        </bodyGraphicData>
        <dessicatedBodyGraphicData>
          <texPath>Things/Pawn/Animal/Muffalo/MuffaloDessicated</texPath>
          <drawSize>3.8</drawSize>
        </dessicatedBodyGraphicData>
        <butcherBodyPart>
          <bodyPartGroup>TuskAttackTool</bodyPartGroup>
          <thing>ElephantTusk</thing>
          <allowFemale>false</allowFemale>
        </butcherBodyPart>
      </li>
    </lifeStages>
  </PawnKindDef>
</Defs>
