<?xml version="1.0" encoding="utf-8" ?>
<Patch>

  <Operation Class="PatchOperationSequence">
	<success>Always</success>
	<operations>
	  <!--This ensures the patch will only be applied IF Giddy-Up is loaded-->
	  <li Class="JecsTools.PatchOperationModLoaded">
	    <modName>Giddy-up! Core</modName>
	  </li>
	  <li Class="PatchOperationAddModExtension">
		<xpath>*/PawnKindDef[ defName = "LotRM_GondorSwanKnight"]</xpath> 
		<value>
		  <li Class="GiddyUpCore.CustomMountsPatch">
			<mountChance>100</mountChance>
			<possibleMounts>
			  <li>
				<key>LotR_HorseKind</key>
				<value>99999</value>
			  </li>
			</possibleMounts>
		  </li>
		</value>
	  </li>
	</operations>
  </Operation>

  
  <Operation Class="PatchOperationSequence">
	<success>Always</success>
	<operations>
	  <!--This ensures the patch will only be applied IF Giddy-Up is loaded-->
	  <li Class="JecsTools.PatchOperationModLoaded">
	    <modName>Giddy-up! Core</modName>
	  </li>
		<li Class="PatchOperationAddModExtension">
			<xpath>*/FactionDef[ defName = "LotRM_Gondor"]</xpath> 
			<value>
				<li Class="GiddyUpCore.FactionRestrictionsPatch">
					<mountChance>0</mountChance>
					<!-- wild animals are the animals that can spawn in the wild -->
					<wildAnimalWeight>0</wildAnimalWeight> <!--Weights can have any integer value, and the relative fraction to the other weight will determine the change a type of animal spawns-->
					<nonWildAnimalWeight>0</nonWildAnimalWeight> <!-- setting this to 0 ensures no default domestic animals are spawned -->
					<!-- nonWild animals are the animals that cannot spawn in the wild, examples are Thrumbo's, farm animals etc.  -->
					<allowedWildAnimalsCSV>""</allowedWildAnimalsCSV> <!--Use a csv with animal DefNames-->
					<allowedNonWildAnimalsCSV>""</allowedNonWildAnimalsCSV> <!-- only making this empty will imply no restrictions at all, so make sure domesticAnimalWeight is 0 if you don't want any domestic animals-->
				</li>
			</value>
		</li>
	</operations>
  </Operation>
  
  <Operation Class="PatchOperationSequence">
	<success>Always</success>
	<operations>
	  <!--This ensures the patch will only be applied IF Giddy-Up is loaded-->
	  <li Class="JecsTools.PatchOperationModLoaded">
	    <modName>Giddy-up! Core</modName>
	  </li>
	  <li Class="PatchOperationAdd">
		<xpath>*/FactionDef[ defName = "LotRM_Gondor"]/pawnGroupMakers/li[0]/options</xpath>
		<value>
			<LotRM_GondorSwanKnight>123</LotRM_GondorSwanKnight>
		</value>
      </li>
	</operations>
  </Operation>

  
  <Operation Class="PatchOperationSequence">
	<success>Always</success>
	<operations>
	  <!--This ensures the patch will only be applied IF Giddy-Up is loaded-->
	  <li Class="JecsTools.PatchOperationModLoaded">
	    <modName>Giddy-up! Core</modName>
	  </li>
	  <li Class="PatchOperationAdd">
		<xpath>*/FactionDef[ defName = "LotRM_Gondor"]/pawnGroupMakers/li[1]/guards</xpath>
		<value>
			<LotRM_GondorSwanKnight>123</LotRM_GondorSwanKnight>
		</value>
      </li>
	</operations>
  </Operation>
  
    
  <Operation Class="PatchOperationSequence">
	<success>Always</success>
	<operations>
	  <!--This ensures the patch will only be applied IF Giddy-Up is loaded-->
	  <li Class="JecsTools.PatchOperationModLoaded">
	    <modName>Giddy-up! Core</modName>
	  </li>
	  <li Class="PatchOperationAdd">
		<xpath>*/FactionDef[ defName = "LotRM_Gondor"]/pawnGroupMakers/li[2]/options</xpath>
		<value>
			<LotRM_GondorSwanKnight>123</LotRM_GondorSwanKnight>
		</value>
      </li>
	</operations>
  </Operation>
  
  
</Patch>
