<?xml version="1.0" encoding="utf-8" ?>
<Defs>

  <ThingDef ParentName="ArmorSmithableBase">
    <defName>LotRM_GondorApparel_PlateArmor</defName>
    <label>Gondor full plate</label>
    <description>Armor used by the men of Gondor to defend Middle-Earth from the forces of darkness.</description>
    <techLevel>Medieval</techLevel>
    <recipeMaker>
      <researchPrerequisite>LotRM_G_ArmorTwo</researchPrerequisite>
      <unfinishedThingDef>UnfinishedMetallicTechArmor</unfinishedThingDef>
      <skillRequirements>
        <Crafting>7</Crafting>
      </skillRequirements>
    </recipeMaker>
    <graphicData>
      <texPath>Things/Pawn/Apparel/Gondor/Plate/carnovGondor_regular_plate_Male_south</texPath>
      <graphicClass>Graphic_Single</graphicClass>
      <shaderType>CutoutComplex</shaderType>
    </graphicData>
    <costStuffCount>230</costStuffCount>
    <stuffCategories>
      <li>Metallic</li>
    </stuffCategories>
    <statBases>
      <WorkToMake>28000</WorkToMake>
      <MaxHitPoints>250</MaxHitPoints>
      <Mass>12</Mass>
      <StuffEffectMultiplierArmor>0.815</StuffEffectMultiplierArmor>
      <StuffEffectMultiplierInsulation_Cold>1.0</StuffEffectMultiplierInsulation_Cold>
      <StuffEffectMultiplierInsulation_Heat>0</StuffEffectMultiplierInsulation_Heat>
      <EquipDelay>12</EquipDelay>
    </statBases>
    <equippedStatOffsets>
      <MoveSpeed>-0.08</MoveSpeed>
      <WorkSpeedGlobal>-0.08</WorkSpeedGlobal>
    </equippedStatOffsets>
    <thingCategories>
      <li>Apparel</li>
    </thingCategories>
    <generateCommonality>2</generateCommonality>
    <apparel>
      <bodyPartGroups>
        <li>Torso</li>
        <li>Neck</li>
        <li>Shoulders</li>
        <li>Arms</li>
        <li>Legs</li>
      </bodyPartGroups>
      <wornGraphicPath>Things/Pawn/Apparel/Gondor/Plate/carnovGondor_regular_plate</wornGraphicPath>
      <layers>
        <li>Middle</li>
        <li>Shell</li>
      </layers>
      <tags>
        <li>LotR_GondorMilitary</li>
      </tags>
      <defaultOutfitTags>
        <li>LotR_GondorFullPlate</li>
      </defaultOutfitTags>
    </apparel>
    <tradeTags>
      <li>LotRM_GondorArmor</li>
    </tradeTags>
  </ThingDef>

  <ThingDef ParentName="ArmorSmithableBase">
    <defName>LotRM_GondorApparel_SwanKnightArmor</defName>
    <label>Dol Amroth full plate</label>
    <description>The renowned Swan Knights of Dol Amroth serve as impressive cavalry in service of the kingdom of Gondor.</description>
    <techLevel>Medieval</techLevel>
    <recipeMaker>
      <researchPrerequisite>LotRM_G_ArmorThree</researchPrerequisite>
      <unfinishedThingDef>UnfinishedMetallicTechArmor</unfinishedThingDef>
      <skillRequirements>
        <Crafting>7</Crafting>
      </skillRequirements>
    </recipeMaker>
    <graphicData>
      <texPath>Things/Pawn/Apparel/Gondor/Plate/carnovGondor_regular_plate_Male_south</texPath>
      <graphicClass>Graphic_Single</graphicClass>
      <shaderType>CutoutComplex</shaderType>
    </graphicData>
    <costStuffCount>230</costStuffCount>
    <stuffCategories>
      <li>Metallic</li>
    </stuffCategories>
    <statBases>
      <WorkToMake>28000</WorkToMake>
      <MaxHitPoints>250</MaxHitPoints>
      <Mass>12</Mass>
      <StuffEffectMultiplierArmor>0.825</StuffEffectMultiplierArmor>
      <StuffEffectMultiplierInsulation_Cold>1.0</StuffEffectMultiplierInsulation_Cold>
      <StuffEffectMultiplierInsulation_Heat>0</StuffEffectMultiplierInsulation_Heat>
      <EquipDelay>12.5</EquipDelay>
    </statBases>
    <equippedStatOffsets>
      <MoveSpeed>-0.081</MoveSpeed>
      <WorkSpeedGlobal>-0.081</WorkSpeedGlobal>
    </equippedStatOffsets>
    <thingCategories>
      <li>Apparel</li>
    </thingCategories>
    <generateCommonality>1.15</generateCommonality>
    <apparel>
      <bodyPartGroups>
        <li>Torso</li>
        <li>Neck</li>
        <li>Shoulders</li>
        <li>Arms</li>
        <li>Legs</li>
      </bodyPartGroups>
      <wornGraphicPath>Things/Pawn/Apparel/Gondor/Plate/carnovGondor_regular_plate</wornGraphicPath>
      <layers>
        <li>Middle</li>
        <li>Shell</li>
      </layers>
      <tags>
        <li>LotR_GondorMilitary</li>
      </tags>
      <defaultOutfitTags>
        <li>LotR_GondorFullPlate</li>
      </defaultOutfitTags>
    </apparel>
    <tradeTags>
      <li>LotRM_GondorArmor</li>
    </tradeTags>
  </ThingDef>

</Defs>
