<?xml version="1.0" encoding="utf-8" ?>
<Defs>

  <PawnKindDef ParentName="BasePlayerPawnKind" Name="LotRM_GondorVillager">
    <defName>LotRM_GondorVillager</defName>
    <label>Gondor-villager</label>
    <defaultFactionType>LotRM_Gondor</defaultFactionType>
    <itemQuality>Poor</itemQuality>
    <isFighter>false</isFighter>
    <backstoryCategories>
      <li>Civil</li>
    </backstoryCategories>
    <gearHealthRange>
      <min>0.2</min>
      <max>2.0</max>
    </gearHealthRange>
    <apparelTags>
      <li>IndustrialBasic</li>
    </apparelTags>
    <apparelMoney>
      <min>300</min>
      <max>900</max>
    </apparelMoney>
    <apparelAllowHeadgearChance>0</apparelAllowHeadgearChance>
    <weaponTags>
      <li>GondorianMeleeTier1</li>
    </weaponTags>
    <techHediffsMoney>
      <min>200</min>
      <max>300</max>
    </techHediffsMoney>
    <techHediffsTags>
      <li>Simple</li>
    </techHediffsTags>
    <techHediffsChance>0.001</techHediffsChance>
    <invNutrition>2.55</invNutrition>
    <inventoryOptions>
      <skipChance>0.75</skipChance>
      <subOptionsChooseOne>
        <li>
          <choiceChance>90</choiceChance>
          <thingDef>Silver</thingDef>
          <countRange>
            <min>25</min>
            <max>70</max>
          </countRange>
        </li>
        <li>
          <choiceChance>10</choiceChance>
          <thingDef>Silver</thingDef>
          <countRange>
            <min>700</min>
            <max>1000</max>
          </countRange>
        </li>
      </subOptionsChooseOne>
    </inventoryOptions>
  </PawnKindDef>

  <PawnKindDef ParentName="LotRM_GondorVillager">
    <defName>LotRM_GondorTrader</defName>
    <label>Gondor-trader</label>
    <trader>true</trader>
  </PawnKindDef>

  <PawnKindDef ParentName="LotRM_GondorVillager" Name="LotRM_GondorKing">
    <defName>LotRM_GondorKing</defName>
    <label>King of Gondor</label>
    <labelMale>King of Gondor</labelMale>
    <labelFemale>Queen of Gondor</labelFemale>
    <isFighter>true</isFighter>
    <combatPower>200</combatPower>
    <apparelTags>
      <li>IndustrialBasic</li>
      <li>IndustrialAdvanced</li>
      <li>LotR_GondorMilitary</li>
      <li>LotR_GondorNoble</li>
    </apparelTags>
    <factionLeader>true</factionLeader>
    <minGenerationAge>60</minGenerationAge>
    <maxGenerationAge>100</maxGenerationAge>
    <apparelRequired>
      <li>LotRM_GondorApparel_PlateArmor</li>
      <li>LotRM_GondorApparel_Crown</li>
    </apparelRequired>
    <apparelMoney>
      <min>2000</min>
      <max>32000</max>
    </apparelMoney>
    <apparelAllowHeadgearChance>1.0</apparelAllowHeadgearChance>
    <weaponMoney>
      <min>1000</min>
      <max>32000</max>
    </weaponMoney>
    <weaponTags>
      <li>LotRM_NobleGondor</li>
    </weaponTags>
  </PawnKindDef>

  <PawnKindDef ParentName="LotRM_GondorVillager" Name="LotRM_GondorLord">
    <defName>LotRM_GondorSteward</defName>
    <defaultFactionType>LotRM_Gondor</defaultFactionType>
    <label>Steward of Gondor</label>
    <labelMale>Steward of Gondor</labelMale>
    <labelFemale>Steward of Gondor</labelFemale>
    <apparelRequired>
      <li>LotRM_GondorApparel_PlateArmor</li>
      <!--<li>LotRM_GondorApparel_PlateHelmetKing</li>-->
    </apparelRequired>
    <isFighter>true</isFighter>
    <combatPower>200</combatPower>
    <apparelTags>
      <li>IndustrialBasic</li>
      <li>IndustrialAdvanced</li>
      <li>LotR_GondorMilitary</li>
      <li>LotR_GondorNoble</li>
    </apparelTags>
    <minGenerationAge>60</minGenerationAge>
    <maxGenerationAge>100</maxGenerationAge>
    <apparelMoney>
      <min>2000</min>
      <max>32000</max>
    </apparelMoney>
    <apparelAllowHeadgearChance>1.0</apparelAllowHeadgearChance>
    <weaponMoney>
      <min>1000</min>
      <max>32000</max>
    </weaponMoney>
    <weaponTags>
      <li>LotRM_NobleGondor</li>
    </weaponTags>
  </PawnKindDef>

  <PawnKindDef ParentName="BasePlayerPawnKind" Name="LotRM_GondorGuard">
    <defName>LotRM_GondorGuard</defName>
    <label>Gondor Knight</label>
    <defaultFactionType>LotRM_Gondor</defaultFactionType>
    <backstoryCategories>
      <li>Civil</li>
    </backstoryCategories>
    <combatPower>120</combatPower>
    <isFighter>true</isFighter>
    <maxGenerationAge>40</maxGenerationAge>
    <gearHealthRange>
      <min>0.5</min>
      <max>1.8</max>
    </gearHealthRange>
    <apparelTags>
      <li>LotR_GondorMilitary</li>
    </apparelTags>
    <apparelMoney>
      <min>3000</min>
      <max>9000</max>
    </apparelMoney>
    <apparelAllowHeadgearChance>0.4</apparelAllowHeadgearChance>
    <weaponMoney>
      <min>410</min>
      <max>2000</max>
    </weaponMoney>
    <weaponTags>
      <li>LotRM_KnightGondor</li>
    </weaponTags>
    <techHediffsMoney>
      <min>200</min>
      <max>300</max>
    </techHediffsMoney>
    <techHediffsTags>
      <li>Simple</li>
    </techHediffsTags>
    <techHediffsChance>0.001</techHediffsChance>
    <invNutrition>2.55</invNutrition>
    <inventoryOptions>
      <skipChance>0.95</skipChance>
      <thingDef>Silver</thingDef>
      <countRange>
        <min>30</min>
        <max>100</max>
      </countRange>
    </inventoryOptions>
    <modExtensions>
      <li Class="PawnShields.ShieldPawnGeneratorProperties">
        <shieldMoney>
          <min>0</min>
          <max>2000</max>
        </shieldMoney>
        <!-- Looks in weapons for these tags. -->
        <shieldTags>
      		<li>LotRM_ShieldGondor</li>
        </shieldTags>
      </li>
    </modExtensions>
  </PawnKindDef>

  <PawnKindDef ParentName="BasePlayerPawnKind" Name="LotRM_GondorFountainGuard">
    <defName>LotRM_GondorFountainGuard</defName>
    <label>Gondor Fountain Guard</label>
    <defaultFactionType>LotRM_Gondor</defaultFactionType>
    <backstoryCategories>
      <li>Civil</li>
    </backstoryCategories>
    <combatPower>130</combatPower>
    <isFighter>true</isFighter>
    <maxGenerationAge>50</maxGenerationAge>
    <gearHealthRange>
      <min>0.5</min>
      <max>1.8</max>
    </gearHealthRange>
    <apparelTags>
      <li>LotR_GondorMilitary</li>
    </apparelTags>
    <apparelMoney>
      <min>3000</min>
      <max>9000</max>
    </apparelMoney>
    <apparelAllowHeadgearChance>0.4</apparelAllowHeadgearChance>
    <apparelRequired>
      <li>LotRM_GondorApparel_PlateArmor</li>
      <li>LotRM_GondorApparel_FountainGuardHelmet</li>
    </apparelRequired>
    <weaponMoney>
      <min>410</min>
      <max>2000</max>
    </weaponMoney>
    <weaponTags>
      <li>LotRM_SpearGondor</li>
    </weaponTags>
    <techHediffsMoney>
      <min>200</min>
      <max>300</max>
    </techHediffsMoney>
    <techHediffsTags>
      <li>Simple</li>
    </techHediffsTags>
    <techHediffsChance>0.001</techHediffsChance>
    <invNutrition>2.55</invNutrition>
    <inventoryOptions>
      <skipChance>0.95</skipChance>
      <thingDef>Silver</thingDef>
      <countRange>
        <min>30</min>
        <max>100</max>
      </countRange>
    </inventoryOptions>
  </PawnKindDef>

  <PawnKindDef ParentName="LotRM_GondorGuard">
    <defName>LotRM_GondorSoldier</defName>
    <label>Gondor soldier</label>
    <combatPower>180</combatPower>
    <defaultFactionType>LotRM_Gondor</defaultFactionType>
    <apparelRequired>
      <li>LotRM_GondorApparel_PlateArmor</li>
      <li>LotRM_GondorApparel_PlateHelmet</li>
    </apparelRequired>
    <apparelAllowHeadgearChance>1.0</apparelAllowHeadgearChance>
    <weaponMoney>
      <min>500</min>
      <max>12000</max>
    </weaponMoney>
    <weaponTags>
      <li>GondorianMeleeTier1</li>
    </weaponTags>
    <modExtensions>
      <li Class="PawnShields.ShieldPawnGeneratorProperties">
        <shieldMoney>
          <min>0</min>
          <max>2000</max>
        </shieldMoney>
        <!-- Looks in weapons for these tags. -->
        <shieldTags>
      		<li>LotRM_ShieldGondor</li>
        </shieldTags>
      </li>
    </modExtensions>
  </PawnKindDef>

  <PawnKindDef ParentName="LotRM_GondorGuard">
    <defName>LotRM_GondorSoldierSpear</defName>
    <label>Gondor spearman</label>
    <combatPower>180</combatPower>
    <defaultFactionType>LotRM_Gondor</defaultFactionType>
    <apparelRequired>
      <li>LotRM_GondorApparel_PlateArmor</li>
      <li>LotRM_GondorApparel_PlateHelmet</li>
    </apparelRequired>
    <apparelAllowHeadgearChance>1.0</apparelAllowHeadgearChance>
    <weaponMoney>
      <min>600</min>
      <max>12000</max>
    </weaponMoney>
    <weaponTags>
      <li>LotRM_SpearGondor</li>
    </weaponTags>
    <modExtensions>
      <li Class="PawnShields.ShieldPawnGeneratorProperties">
        <shieldMoney>
          <min>0</min>
          <max>2000</max>
        </shieldMoney>
        <!-- Looks in weapons for these tags. -->
        <shieldTags>
      		<li>LotRM_ShieldGondor</li>
        </shieldTags>
      </li>
    </modExtensions>
  </PawnKindDef>

  <PawnKindDef ParentName="LotRM_GondorGuard">
    <defName>LotRM_GondorSoldierRanged</defName>
    <label>Gondor bowman</label>
    <defaultFactionType>LotRM_Gondor</defaultFactionType>
    <isFighter>true</isFighter>
    <combatPower>280</combatPower>
    <apparelRequired>
      <li>LotRM_GondorApparel_PlateArmor</li>
    </apparelRequired>
    <apparelAllowHeadgearChance>0.0</apparelAllowHeadgearChance>
    <weaponMoney>
      <min>1000</min>
      <max>12000</max>
    </weaponMoney>
    <weaponTags>
      <li>GondorRanged</li>
    </weaponTags>
  </PawnKindDef>

</Defs>
