<?xml version="1.0" encoding="utf-8" ?>
<Defs>

  <PawnKindDef ParentName="LotRM_GondorGuard">
    <defName>LotRM_GondorSwanKnight</defName>
    <label>Swan Knight of Dol Amroth</label>
    <combatPower>160</combatPower>
    <defaultFactionType>LotRM_Gondor</defaultFactionType>
    <apparelRequired>
      <li>LotRM_GondorApparel_SwanKnightArmor</li>
      <li>LotRM_GondorApparel_SwanKnightHelmet</li>
    </apparelRequired>
    <apparelAllowHeadgearChance>1.0</apparelAllowHeadgearChance>
    <weaponMoney>
      <min>600</min>
      <max>12000</max>
    </weaponMoney>
    <weaponTags>
      <li>LotRM_SpearGondor</li>
    </weaponTags>
    <modExtensions>
      <li Class="PawnShields.ShieldPawnGeneratorProperties">
        <shieldMoney>
          <min>0</min>
          <max>2000</max>
        </shieldMoney>
        <!-- Looks in weapons for these tags. -->
        <shieldTags>
      		<li>LotRM_ShieldGondor</li>
        </shieldTags>
      </li>
    </modExtensions>
  </PawnKindDef>

</Defs>
