<?xml version="1.0" encoding="utf-8" ?>
<Defs>

  <ThingDef ParentName="AnimalThingBase" Name="LotR_HorseRace">
    <defName>LotR_HorseRace</defName>
    <label>Horse</label>
    <description>A man-sized galloping herbivore, often utilized for its speed and hardy stamina. Generally peaceful unless disturbed.</description>
    <statBases>
      <MoveSpeed>6.0</MoveSpeed>
      <ComfyTemperatureMin>-30</ComfyTemperatureMin>
      <MarketValue>300</MarketValue>
    </statBases>
    <tools>
      <li>
	    
        <label>left hoof</label>
        <capacities>
          <li>Blunt</li>
          <li>Poke</li>
        </capacities>
        <power>8</power>
        <cooldownTime>1.65</cooldownTime>
        <linkedBodyPartsGroup>FrontLeftLeg</linkedBodyPartsGroup>
      </li>
      <li>
	    
        <label>right hoof</label>
        <capacities>
          <li>Blunt</li>
          <li>Poke</li>
        </capacities>
        <power>8</power>
        <cooldownTime>1.65</cooldownTime>
        <linkedBodyPartsGroup>FrontRightLeg</linkedBodyPartsGroup>
      </li>
      <li>
	    
		<label>teeth</label>
        <capacities>
          <li>Bite</li>
        </capacities>
        <power>5</power>
        <cooldownTime>1.65</cooldownTime>
        <linkedBodyPartsGroup>Teeth</linkedBodyPartsGroup>
      </li>
      <li>
        <label>head</label>
        <capacities>
          <li>Blunt</li>
        </capacities>
        <power>5</power>
        <cooldownTime>1.65</cooldownTime>
        <linkedBodyPartsGroup>HeadAttackTool</linkedBodyPartsGroup>
        <chanceFactor>0.2</chanceFactor>
      </li>
    </tools>
    <race>
      <body>QuadrupedAnimalWithHooves</body>
      <herdAnimal>true</herdAnimal>
      <baseBodySize>1.5</baseBodySize>
			<baseHealthScale>1.25</baseHealthScale>
			<baseHungerRate>0.75</baseHungerRate>
			<foodType>VegetarianRoughAnimal</foodType>
	  <leatherDef>Leather_Plain</leatherDef>
      <meatLabel>horse meat</meatLabel>
      <packAnimal>true</packAnimal>
      <wildness>0.2</wildness>
      <nuzzleMtbHours>90</nuzzleMtbHours>
      <gestationPeriodDays>22.0</gestationPeriodDays>
      <lifeExpectancy>30</lifeExpectancy>
      <lifeStageAges>
        <li>
          <def>AnimalBaby</def>
          <minAge>0</minAge>
        </li>
        <li>
          <def>AnimalJuvenile</def>
          <minAge>0.2</minAge>
        </li>
        <li>
          <def>AnimalAdult</def>
          <minAge>1</minAge>
          <soundWounded>LotR_Horse_Wounded</soundWounded>
          <soundDeath>LotR_Horse_Death</soundDeath>
          <soundCall>LotR_Horse_Call</soundCall>
          <soundAngry>LotR_Horse_Angry</soundAngry>
        </li>
      </lifeStageAges>
      <soundMeleeHitPawn>Pawn_Melee_BigBash_HitPawn</soundMeleeHitPawn>
      <soundMeleeHitBuilding>Pawn_Melee_BigBash_HitBuilding</soundMeleeHitBuilding>
      <soundMeleeMiss>Pawn_Melee_BigBash_Miss</soundMeleeMiss>
    </race>
    <tradeTags>
      <li>AnimalFarm</li>
    </tradeTags>
	<!-- Originally wanted a gallop sound, but the sound of many gallops all the time was very annoying
	<comps>
	  <li Class="CompLumbering.CompProperties_Lumbering">
		<sound>LotR_Horse_Gallop</sound>
        <secondsPerStep>0.3</secondsPerStep>
		<secondsBetweenSteps>0.1</secondsBetweenSteps>
	  </li>
	</comps>
	-->
  </ThingDef>
  
  
  <SoundDef>
    <defName>LotR_Horse_Gallop</defName>  
    <context>MapOnly</context>
    <maxSimultaneous>1</maxSimultaneous>
    <eventNames />  
    <subSounds>
      <li>
        <grains>
          <li Class="AudioGrain_Folder">
            <clipFolderPath>_LotRShared/LotR_HorseGallop</clipFolderPath>
          </li>
        </grains>      
        <volumeRange>
          <min>8</min>        
          <max>8</max>
        </volumeRange>      
        <pitchRange>
          <min>0.9082353</min>        
          <max>1.114706</max>
        </pitchRange>      
        <distRange>
          <min>0</min>        
          <max>50</max>
        </distRange>
      </li>
    </subSounds>
  </SoundDef>
  
  <SoundDef>
    <defName>LotR_Horse_Call</defName>  
    <context>MapOnly</context>
    <eventNames />  
    <subSounds>
      <li>
        <grains>
          <li Class="AudioGrain_Folder">
            <clipFolderPath>_LotRShared/LotR_HorseCall</clipFolderPath>
          </li>
        </grains>      
        <volumeRange>
          <min>8</min>        
          <max>8</max>
        </volumeRange>      
        <pitchRange>
          <min>0.9082353</min>        
          <max>1.114706</max>
        </pitchRange>      
        <distRange>
          <min>0</min>        
          <max>50</max>
        </distRange>
      </li>
    </subSounds>
  </SoundDef>

  <SoundDef>
    <defName>LotR_Horse_Angry</defName>  
    <context>MapOnly</context>
    <eventNames />  
    <subSounds>
      <li>
        <grains>
          <li Class="AudioGrain_Folder">
            <clipFolderPath>_LotRShared/LotR_HorseAngry</clipFolderPath>
          </li>
        </grains>      
        <volumeRange>
          <min>20</min>        
          <max>20</max>
        </volumeRange>      
        <pitchRange>
          <min>0.9311765</min>        
          <max>1.091765</max>
        </pitchRange>      
        <distRange>
          <min>0</min>        
          <max>70</max>
        </distRange>      
        <sustainLoop>False</sustainLoop>
      </li>
    </subSounds>
  </SoundDef>

  <SoundDef>
    <defName>LotR_Horse_Death</defName>  
    <context>MapOnly</context>
    <eventNames />  
    <subSounds>
      <li>
        <grains>
          <li Class="AudioGrain_Folder">
            <clipFolderPath>_LotRShared/LotR_HorseDies</clipFolderPath>
          </li>
        </grains>      
        <volumeRange>
          <min>28.04878</min>        
          <max>28.04878</max>
        </volumeRange>      
        <pitchRange>
          <min>1.504706</min>        
          <max>1.596471</max>
        </pitchRange>      
        <distRange>
          <min>0</min>        
          <max>70</max>
        </distRange>
      </li>
    </subSounds>
  </SoundDef>

  <SoundDef>
    <defName>LotR_Horse_Wounded</defName>  
    <context>MapOnly</context>
    <eventNames />  
    <subSounds>
      <li>
        <grains>
          <li Class="AudioGrain_Folder">
            <clipFolderPath>_LotRShared/LotR_HorseWounded</clipFolderPath>
          </li>
        </grains>      
        <volumeRange>
          <min>19.5122</min>        
          <max>19.5122</max>
        </volumeRange>      
        <pitchRange>
          <min>1.206471</min>        
          <max>1</max>
        </pitchRange>      
        <distRange>
          <min>0</min>        
          <max>70</max>
        </distRange>
      </li>
    </subSounds>
  </SoundDef>

  
  <PawnKindDef ParentName="AnimalKindBase" Name="LotR_HorseKind">
    <defName>LotR_HorseKind</defName>
    <label>horse</label>
    <labelPlural>horses</labelPlural>
    <race>LotR_HorseRace</race>
    <combatPower>55</combatPower>
     
    <ecoSystemWeight>0.0</ecoSystemWeight>
    <wildGroupSize>
      <min>3</min>
      <max>6</max>
    </wildGroupSize>
    <labelMale>horse</labelMale>
    <labelFemale>horse</labelFemale>
    <lifeStages>
      <li>
        <bodyGraphicData>
          <texPath>_LotRShared/walkingProblemHorse</texPath>
          <drawSize>1.0</drawSize>
          <color>(136,80,31)</color>
        </bodyGraphicData>
        <dessicatedBodyGraphicData>
          <texPath>Things/Pawn/Animal/Deer/Dessicated_DeerFemale</texPath>
          <drawSize>2.2</drawSize>
        </dessicatedBodyGraphicData>
      </li>
      <li>
        <bodyGraphicData>
          <texPath>_LotRShared/walkingProblemHorse</texPath>
          <drawSize>1.6</drawSize>
          <color>(136,80,31)</color>
          <shadowData>
            <volume>(0.3, 0.3, 0.3)</volume>
            <offset>(0,0,-0.3)</offset>
          </shadowData>
        </bodyGraphicData>
        <dessicatedBodyGraphicData>
          <texPath>Things/Pawn/Animal/Deer/Dessicated_DeerFemale</texPath>
          <drawSize>2.5</drawSize>
        </dessicatedBodyGraphicData>
      </li>
      <li>
        <bodyGraphicData>
          <texPath>_LotRShared/walkingProblemHorse</texPath>
          <drawSize>4.0</drawSize>
          <color>(136,80,31)</color>
          <shadowData>
            <volume>(0.4, 0.4, 0.4)</volume>
            <offset>(0,0,-0.2)</offset>
          </shadowData>
        </bodyGraphicData>
        <femaleGraphicData>
          <texPath>_LotRShared/walkingProblemHorse</texPath>
          <drawSize>3.8</drawSize>
          <color>(140,83,35)</color>
          <shadowData>
            <volume>(0.4, 0.4, 0.4)</volume>
            <offset>(0,0,-0.2)</offset>
          </shadowData>
        </femaleGraphicData>
        <dessicatedBodyGraphicData>
          <texPath>Things/Pawn/Animal/Deer/Dessicated_DeerFemale</texPath>
          <drawSize>2.9</drawSize>
        </dessicatedBodyGraphicData>
      </li>
    </lifeStages>
  </PawnKindDef>
  
</Defs>
